Date,005930.KS
2020-01-02,
2020-01-03,
2020-01-06,
2020-01-07,
2020-01-08,47853.446875
2020-01-09,48437.02578125
2020-01-10,49123.58671875
2020-01-13,49895.96953125
2020-01-14,50616.86171875
2020-01-15,50994.4703125
2020-01-16,51354.91484375
2020-01-17,51663.87109375
2020-01-20,52075.80546875
2020-01-21,52316.10234375
2020-01-22,52882.51640625
2020-01-23,52899.68046875
2020-01-28,52470.57578125
2020-01-29,51904.1625
2020-01-30,51183.27109375
2020-01-31,50170.5890625
2020-02-03,49552.6828125
2020-02-04,49569.846875
2020-02-05,49638.50390625
2020-02-06,50307.903125
2020-02-07,50994.465625
2020-02-10,51423.5671875
2020-02-11,51595.2078125
2020-02-12,51766.85078125
2020-02-13,51698.19375
2020-02-14,51938.49296875
2020-02-17,52247.446875
2020-02-18,52230.28203125
2020-02-19,52178.7890625
2020-02-20,52058.64140625
2020-02-21,51612.37578125
2020-02-24,50805.66484375
2020-02-25,50479.5484375
2020-02-26,49844.478125
2020-02-27,49140.7484375
2020-02-28,48282.54453125
2020-03-02,47973.590625
2020-03-03,47544.48984375
2020-03-04,47698.9640625
2020-03-05,48025.08203125
2020-03-06,48419.85703125
2020-03-09,48677.31875
2020-03-10,48540.00546875
2020-03-11,47630.31015625
2020-03-12,46651.95859375
2020-03-13,45527.709375
2020-03-16,44223.240625
2020-03-17,42970.2625
2020-03-18,41854.5953125
2020-03-19,40284.08046875
2020-03-20,39503.1171875
2020-03-23,38404.61484375
2020-03-24,38344.5421875
2020-03-25,38868.0484375
2020-03-26,39700.5078125
2020-03-27,40198.26484375
2020-03-30,41177.18125
2020-03-31,41375.00390625
2020-04-01,40943.86953125
2020-04-02,40831.53828125
2020-04-03,40667.96796875
2020-04-06,40814.93984375
2020-04-07,41134.821875
2020-04-08,41618.96484375
2020-04-09,42016.65234375
2020-04-10,42405.69453125
2020-04-13,42336.53125
2020-04-14,42232.7859375
2020-04-16,42301.94921875
2020-04-17,42699.63671875
2020-04-20,42846.60859375
2020-04-21,43010.87109375
2020-04-22,43157.84140625
2020-04-23,43304.81171875
2020-04-24,42950.3515625
2020-04-27,42907.1234375
2020-04-28,43054.0953125
2020-04-29,43080.0328125
2020-05-04,42846.609375
2020-05-06,42820.6765625
2020-05-07,42639.121875
2020-05-08,42414.3390625
2020-05-11,42137.6859375
2020-05-12,42033.9390625
2020-05-13,41921.54453125
2020-05-14,41783.2203125
2020-05-15,41618.96015625
2020-05-18,41688.12109375
2020-05-19,42103.1
2020-05-20,42353.81796875
2020-05-21,42690.98828125
2020-05-22,42846.60234375
2020-05-25,42855.25078125
2020-05-26,42673.6984375
2020-05-27,42656.40625
2020-05-28,42734.21484375
2020-05-29,43071.38828125
2020-06-01,43477.7203125
2020-06-02,43849.47109375
2020-06-03,44644.85
2020-06-04,45371.0640625
2020-06-05,46201.0234375
2020-06-08,46840.7828125
2020-06-09,47549.7078125
2020-06-10,47705.325
2020-06-11,47653.453125
2020-06-12,47100.14609375
2020-06-15,46235.60625
2020-06-16,45647.71796875
2020-06-17,45094.4109375
2020-06-18,44748.59375
2020-06-19,44852.3390625
2020-06-22,45215.44765625
2020-06-23,45094.4109375
2020-06-24,45215.446875
2020-06-25,45146.284375
2020-06-26,45215.44765625
2020-06-29,45345.1890625
2020-06-30,45648.30078125
2020-07-01,45657.2375
2020-07-02,45891.30078125
2020-07-03,46005.1390625
2020-07-06,46457.70390625
2020-07-07,46562.14296875
2020-07-08,46631.76875
2020-07-09,46614.36171875
2020-07-10,46457.70390625
2020-07-13,46179.2015625
2020-07-14,46248.828125
2020-07-15,46544.7375
2020-07-16,46718.803125
2020-07-17,47014.71171875
2020-07-20,47153.965625
2020-07-21,47415.06171875
2020-07-22,47415.06171875
2020-07-23,47467.28046875
2020-07-24,47432.46953125
2020-07-27,47676.15625
2020-07-28,48250.5671875
2020-07-29,48999.04375
2020-07-30,49851.959375
2020-07-31,50495.99453125
2020-08-03,50704.8734375
2020-08-04,50478.5890625
2020-08-05,50113.05234375
2020-08-06,49938.9859375
2020-08-07,49869.36015625
2020-08-10,50043.421875
2020-08-11,50200.08046875
2020-08-12,50565.6171875
2020-08-13,50687.4625
2020-08-14,50774.49375
2020-08-18,50878.9359375
2020-08-19,50809.309375
2020-08-20,50182.678125
2020-08-21,49695.3
2020-08-24,49364.57890625
2020-08-25,49016.44765625
2020-08-26,48772.75859375
2020-08-27,48807.56953125
2020-08-28,48720.5375
2020-08-31,48355.00234375
2020-09-01,47972.0640625
2020-09-02,47623.93671875
2020-09-03,47763.18828125
2020-09-04,47797.99921875
2020-09-07,48233.16171875
2020-09-08,49016.44765625
2020-09-09,49712.70625
2020-09-10,50200.0859375
2020-09-11,50791.90625
2020-09-14,51470.7546875
2020-09-15,51871.103125
2020-09-16,52323.66796875
2020-09-17,52375.88828125
2020-09-18,52428.10625
2020-09-21,52219.22890625
2020-09-22,51731.8484375
2020-09-23,51314.09375
2020-09-24,51018.1828125
2020-09-25,50774.49296875
2020-09-28,50662.74765625
2020-09-29,50725.06640625
2020-10-05,50805.328125
2020-10-06,51077.38359375
2020-10-07,51489.65078125
2020-10-08,51752.3546875
2020-10-12,52137.65078125
2020-10-13,52522.94765625
2020-10-14,52855.703125
2020-10-15,52873.2171875
2020-10-16,52838.18828125
2020-10-19,52768.1359375
2020-10-20,52768.1359375
2020-10-21,52768.1359375
2020-10-22,52785.64921875
2020-10-23,52908.24609375
2020-10-26,52978.2984375
2020-10-27,52785.64921875
2020-10-28,52452.89375
2020-10-29,52102.62421875
2020-10-30,51472.1359375
2020-11-02,50946.7328125
2020-11-03,50771.5984375
2020-11-04,50684.0296875
2020-11-05,51069.32578125
2020-11-06,51682.29921875
2020-11-09,52172.678125
2020-11-10,52417.86796875
2020-11-11,52908.24609375
2020-11-12,53030.84140625
2020-11-13,53573.7578125
2020-11-16,54642.07890625
2020-11-17,55605.3203125
2020-11-18,56218.2921875
2020-11-19,56848.7765625
2020-11-20,57111.4796875
2020-11-23,57321.640625
2020-11-24,57671.91015625
2020-11-25,57987.153125
2020-11-26,58582.61171875
2020-11-27,59195.58125
2020-11-30,59055.47578125
2020-12-01,59072.98984375
2020-12-02,59580.87890625
2020-12-03,59878.609375
2020-12-04,60456.5609375
2020-12-07,61542.3984375
2020-12-08,62225.42265625
2020-12-09,62996.01875
2020-12-10,63556.45234375
2020-12-11,63889.20390625
2020-12-14,64046.8203125
2020-12-15,64414.6015625
2020-12-16,64397.084375
2020-12-17,64467.1359375
2020-12-18,64397.08671875
2020-12-21,64256.984375
2020-12-22,63994.284375
2020-12-23,64011.8015625
2020-12-24,64799.9078125
2020-12-28,65798.171875
2020-12-29,67071.4953125
2020-12-30,68952.18359375
2021-01-04,70911.7375
2021-01-05,72349.85625
2021-01-06,73325.1328125
2021-01-07,74151.0296875
2021-01-08,75551.4609375
2021-01-11,76987.8
2021-01-12,78190.7375
2021-01-13,79537.3046875
2021-01-14,80758.1921875
2021-01-15,80614.5625
2021-01-18,79537.3109375
2021-01-19,78890.9578125
2021-01-20,78442.1
2021-01-21,78154.834375
2021-01-22,77939.3765625
2021-01-25,78729.3625
2021-01-26,78675.4984375
2021-01-27,78388.2328125
2021-01-28,77598.2453125
2021-01-29,76736.4453125
2021-02-01,75587.371875
2021-02-02,75174.4234375
2021-02-03,74994.88125
2021-02-04,74779.4296875
2021-02-05,75048.7390625
2021-02-08,75048.7390625
2021-02-09,74743.515625
2021-02-10,74204.8875
2021-02-15,74510.109375
2021-02-16,74761.4703125
2021-02-17,74797.3796875
2021-02-18,74689.6546875
2021-02-19,74869.196875
2021-02-22,74510.1125
2021-02-23,73989.4421875
2021-02-24,73773.99375
2021-02-25,74348.53125
2021-02-26,74330.578125
2021-03-02,74581.9375
2021-03-03,74941.01875
2021-03-04,75012.8359375
2021-03-05,74438.2984375
2021-03-08,74348.5296875
2021-03-09,73953.5375
2021-03-10,73396.953125
2021-03-11,73325.1359375
2021-03-12,73450.8125
2021-03-15,73414.90625
2021-03-16,73666.2609375
2021-03-17,73917.625
2021-03-18,74079.2109375
2021-03-19,73917.6234375
2021-03-22,73953.5296875
2021-03-23,73773.9953125
2021-03-24,73540.590625
2021-03-25,73235.3703125
2021-03-26,73163.5546875
2021-03-29,73091.734375
2021-03-30,73229.128125
2021-03-31,73365.8875
2021-04-01,73737.2484375
2021-04-02,74397.3953125
2021-04-05,75147.7890625
2021-04-06,75833.0796875
2021-04-07,76590.509375
2021-04-08,76915.1171875
2021-04-09,76698.7109375
2021-04-12,76301.96875
2021-04-13,75941.2890625
2021-04-14,75652.7421875
2021-04-15,75544.54375
2021-04-16,75598.6453125
2021-04-19,75616.675
2021-04-20,75598.64375
2021-04-21,75346.16875
2021-04-22,75039.590625
2021-04-23,74841.2140625
2021-04-26,74877.28125
2021-04-27,74696.940625
2021-04-28,74606.7703125
2021-04-29,74480.5296875
2021-04-30,74246.0875
2021-05-03,73921.4765625
2021-05-04,73867.3734375
2021-05-06,73903.44375
2021-05-07,73939.509375
2021-05-10,74246.0921875
2021-05-11,74155.9234375
2021-05-12,73687.040625
2021-05-13,73001.7421875
2021-05-14,72677.13125
2021-05-17,72027.9046875
2021-05-18,71739.3609375
2021-05-20,71649.190625
2021-05-21,71937.7375
2021-05-24,71865.6015625
2021-05-25,71919.703125
2021-05-26,71955.76875
2021-05-27,71973.803125
2021-05-28,71973.803125
2021-05-31,72118.0734375
2021-06-01,72244.3125
2021-06-02,72424.653125
2021-06-03,73001.7390625
2021-06-04,73380.4546875
2021-06-07,73632.93125
2021-06-08,73867.36875
2021-06-09,73921.46875
2021-06-10,73596.859375
2021-06-11,73380.453125
2021-06-14,73127.9765625
2021-06-15,72947.6390625
2021-06-16,73073.8828125
2021-06-17,73055.846875
2021-06-18,72965.671875
2021-06-21,72857.471875
2021-06-22,72695.1671875
2021-06-23,72388.584375
2021-06-24,72442.6875
2021-06-25,72641.0625
2021-06-28,73001.7390625
2021-06-29,73246.753125
2021-06-30,73419.396875
2021-07-01,73284.975
2021-07-02,73060.309375
2021-07-05,72853.9953125
2021-07-06,72890.2203125
2021-07-07,72908.3265625
2021-07-08,72872.0984375
2021-07-09,72763.4109375
2021-07-12,72636.6109375
2021-07-13,72383.015625
2021-07-14,72147.5390625
2021-07-15,72274.3375
2021-07-16,72346.79375
2021-07-19,72220.0
2021-07-20,72075.090625
2021-07-21,71893.9515625
2021-07-22,71730.9234375
2021-07-23,71640.3546875
2021-07-26,71604.125
2021-07-27,71513.55625
2021-07-28,71640.3515625
2021-07-29,71513.5578125
2021-07-30,71368.6484375
2021-08-02,71459.21875
2021-08-03,71984.525
2021-08-04,72654.7390625
2021-08-05,73216.2703125
2021-08-06,73759.6875
2021-08-09,74158.1953125
2021-08-10,73940.821875
2021-08-11,73143.8125
2021-08-12,72220.00625
2021-08-13,70933.91875
2021-08-17,69611.603125
2021-08-18,68470.43125
2021-08-19,67492.2796875
2021-08-20,66713.3796875
2021-08-23,66514.1265625
2021-08-24,66767.721875
2021-08-25,67093.771875
2021-08-26,67365.4828125
2021-08-27,67655.303125
2021-08-30,67890.7859375
2021-08-31,68090.0390625
2021-09-01,68289.2921875
2021-09-02,68542.884375
2021-09-03,68959.50625
2021-09-06,69448.578125
2021-09-07,69339.8953125
2021-09-08,69249.325
2021-09-09,69122.5296875
2021-09-10,68887.05
2021-09-13,68705.9125
2021-09-14,68796.48125
2021-09-15,68923.28125
2021-09-16,69068.1921875
2021-09-17,69412.35625
2021-09-23,69611.6109375
2021-09-24,69738.40625
2021-09-27,69865.2
2021-09-28,69901.4265625
2021-09-29,69403.7
2021-09-30,68869.7453125
2021-10-01,68190.1125
2021-10-05,67256.021875
2021-10-06,66411.7234375
2021-10-07,65956.725
2021-10-08,65483.528125
2021-10-12,64719.1265625
2021-10-13,64100.3265625
2021-10-14,63754.528125
2021-10-15,63481.52734375
2021-10-18,63244.928125
2021-10-19,63536.1265625
2021-10-20,63809.12734375
2021-10-21,63954.728125
2021-10-22,64009.3296875
2021-10-25,64009.3296875
2021-10-26,64100.33203125
2021-10-27,64063.92890625
2021-10-28,64154.92890625
2021-10-29,64045.72890625
2021-11-01,63991.12890625
2021-11-02,64063.928125
2021-11-03,64118.5296875
2021-11-04,64100.32734375
2021-11-05,64173.12890625
2021-11-08,64300.5265625
2021-11-09,64118.52890625
2021-11-10,64082.13046875
2021-11-11,63954.7328125
2021-11-12,64027.53046875
2021-11-15,64173.1296875
2021-11-16,64318.72578125
2021-11-17,64409.72578125
2021-11-18,64464.32578125
2021-11-19,64573.528125
2021-11-22,65210.52890625
2021-11-23,65938.52890625
2021-11-24,66684.7234375
2021-11-25,67321.72109375
2021-11-26,67521.91875
2021-11-29,67048.71875
2021-11-30,66320.71875
2021-12-01,66247.9203125
2021-12-02,66630.121875
2021-12-03,67230.721875
2021-12-06,67958.721875
2021-12-07,69068.9234375
2021-12-08,69614.9265625
2021-12-09,70051.725
2021-12-10,70288.3265625
2021-12-13,70379.328125
2021-12-14,70306.5296875
2021-12-15,70342.928125
2021-12-16,70270.125
2021-12-17,70470.321875
2021-12-20,70524.921875
2021-12-21,70725.1203125
2021-12-22,71052.7171875
2021-12-23,71434.91875
2021-12-24,71889.9203125
2021-12-27,72454.115625
2021-12-28,72854.5125
2021-12-29,72810.0828125
2021-12-30,72583.2390625
2022-01-04,72320.321875
2022-01-05,71874.3375
2022-01-06,71318.7453125
2022-01-07,71227.3328125
2022-01-10,71172.4828125
2022-01-11,71209.046875
2022-01-12,71483.28125
2022-01-13,71666.1015625
2022-01-14,71483.2796875
2022-01-17,71391.875
2022-01-18,71044.5140625
2022-01-19,70569.1765625
2022-01-20,70313.228125
2022-01-21,70002.4296875
2022-01-24,69563.6578125
2022-01-25,69015.1921875
2022-01-26,68594.703125
2022-01-27,67644.028125
2022-01-28,67223.540625
2022-02-03,66894.459375
2022-02-04,66894.459375
2022-02-07,66711.6375
2022-02-08,67022.4328125
2022-02-09,66967.584375
2022-02-10,67351.5078125
2022-02-11,67516.0484375
2022-02-14,67644.025
2022-02-15,67772.0015625
2022-02-16,68101.0796875
2022-02-17,68027.953125
2022-02-18,67918.2578125
2022-02-21,68027.9484375
2022-02-22,68137.6390625
2022-02-23,68046.228125
2022-02-24,67406.35234375
2022-02-25,66967.58046875
2022-02-28,66528.80859375
2022-03-02,66053.47109375
2022-03-03,65797.52421875
2022-03-04,66053.475
2022-03-07,65724.39765625
2022-03-08,65285.628125
2022-03-10,64883.42421875
2022-03-11,64353.23984375
2022-03-14,63859.62109375
2022-03-15,63877.9046875
2022-03-16,64042.44453125
2022-03-17,64206.984375
2022-03-18,64334.9625
2022-03-21,64280.11484375
2022-03-22,64298.3953125
2022-03-23,64316.678125
2022-03-24,64206.98515625
2022-03-25,64042.44375
2022-03-28,64005.87890625
2022-03-29,63987.5984375
2022-03-30,63943.9609375
2022-03-31,63973.165625
2022-04-01,63910.4921875
2022-04-04,63902.85234375
2022-04-05,63785.42421875
2022-04-06,63528.14921875
2022-04-07,63234.125
2022-04-08,62995.22421875
2022-04-11,62737.9515625
2022-04-12,62333.6640625
2022-04-13,62370.41875
2022-04-14,62278.534375
2022-04-15,62058.0171875
2022-04-18,61837.49765625
2022-04-19,61892.62890625
2022-04-20,61653.73125
2022-04-21,61690.4859375
2022-04-22,61763.990625
2022-04-25,61690.4828125
2022-04-26,61469.9625
2022-04-27,61028.92265625
2022-04-28,60496.0
2022-04-29,60569.50703125
2022-05-02,60753.275
2022-05-03,61010.546875
2022-05-04,61543.4703125
2022-05-06,61855.8734375
2022-05-10,61543.47109375
2022-05-11,61249.44453125
2022-05-12,60771.653125
2022-05-13,60514.38046875
2022-05-16,60477.62578125
2022-05-17,60826.78046875
2022-05-18,61267.81796875
2022-05-19,61745.609375
2022-05-20,62021.25859375
2022-05-23,62315.2859375
2022-05-24,62113.14453125
2022-05-25,61800.74296875
2022-05-26,61506.71953125
2022-05-27,61231.0703125
2022-05-30,61194.3171875
2022-05-31,61359.70625
2022-06-02,61414.83671875
2022-06-03,61580.2234375
2022-06-07,61396.4546875
2022-06-08,60955.4140625
2022-06-09,60551.12734375
2022-06-10,60018.20390625
2022-06-13,59154.50234375
2022-06-14,58492.94375
2022-06-15,57647.6171875
2022-06-16,56857.42109375
2022-06-17,56122.353125
2022-06-20,55497.5453125
2022-06-21,54872.7375
2022-06-22,54303.0609375
2022-06-23,53659.8765625
2022-06-24,53402.60390625
2022-06-27,53420.98125
2022-06-28,53586.37109375
2022-06-29,53725.05
2022-06-30,53715.59140625
2022-07-01,53374.45625
2022-07-04,53126.2125
2022-07-05,52786.20078125
2022-07-06,52490.37578125
2022-07-07,52712.2453125
2022-07-08,53174.46796875
2022-07-11,53488.78359375
2022-07-12,53655.1859375
2022-07-13,53951.0109375
2022-07-14,53821.58828125
2022-07-15,54061.9484375
2022-07-18,54635.10859375
2022-07-19,55152.8
2022-07-20,55615.02734375
2022-07-21,56410.0546875
2022-07-22,56650.409375
2022-07-25,56502.49609375
2022-07-26,56650.409375
2022-07-27,56890.76484375
2022-07-28,56909.25546875
2022-07-29,56927.746875
2022-08-01,56964.7234375
2022-08-02,56964.7234375
2022-08-03,56872.27734375
2022-08-04,56798.31953125
2022-08-05,56816.80703125
2022-08-08,56724.36484375
2022-08-09,56410.0515625
2022-08-10,56003.2953125
2022-08-11,55707.4703125
2022-08-12,55467.11484375
2022-08-16,55504.0921875
2022-08-17,55578.04765625
2022-08-18,56021.7828125
2022-08-19,56206.67421875
2022-08-22,56169.69609375
2022-08-23,55818.4046875
2022-08-24,55559.5578125
2022-08-25,55226.75546875
2022-08-26,55060.35546875
2022-08-29,54801.509375
2022-08-30,54746.0421875
2022-08-31,54875.46484375
2022-09-01,54635.1078125
2022-09-02,54172.88125
2022-09-05,53895.54296875
2022-09-06,53581.22734375
2022-09-07,52897.13515625
2022-09-08,52379.4421875
2022-09-13,52490.37734375
2022-09-14,52434.91171875
2022-09-15,52231.53515625
2022-09-16,52268.51328125
2022-09-19,52416.425
2022-09-20,51991.17578125
2022-09-21,51713.840625
2022-09-22,51418.0140625
2022-09-23,51103.6984375
2022-09-26,50641.471875
2022-09-27,50345.64609375
2022-09-28,49901.909375
2022-09-29,49635.92890625
2022-09-30,49444.540625
2022-10-04,49755.025
2022-10-05,50158.97109375
2022-10-06,50859.12109375
2022-10-07,51529.30234375
2022-10-11,51957.47109375
2022-10-12,52069.16796875
2022-10-13,51920.2390625
2022-10-14,51920.2390625
2022-10-17,51994.70234375
2022-10-18,52199.48046875
2022-10-19,52199.48046875
2022-10-20,52255.33046875
2022-10-21,52180.86640625
2022-10-24,52348.41171875
2022-10-25,52571.8046875
2022-10-26,53241.9828125
2022-10-27,53986.625
2022-10-28,54247.2484375
2022-10-31,54600.95234375
2022-11-01,55029.121875
2022-11-02,55066.35390625
2022-11-03,55010.5046875
2022-11-04,55401.44296875
2022-11-07,55550.37265625
2022-11-08,55885.46171875
2022-11-09,56332.246875
2022-11-10,56555.640625
2022-11-11,57207.203125
2022-11-14,57523.67578125
2022-11-15,57635.3734375
2022-11-16,57765.6859375
2022-11-17,57951.846875
2022-11-18,57747.0703125
2022-11-21,57653.990625
2022-11-22,57318.90078125
2022-11-23,57002.428125
2022-11-24,57002.428125
2022-11-25,56853.49921875
2022-11-28,56611.4890625
2022-11-29,56611.4890625
2022-11-30,56834.8828125
2022-12-01,57058.275
2022-12-02,56946.5796875
2022-12-05,56983.81171875
2022-12-06,56723.1859375
2022-12-07,56108.85546875
2022-12-08,55475.90859375
2022-12-09,55475.90859375
2022-12-12,55326.98125
2022-12-13,55420.0625
2022-12-14,55717.92109375
2022-12-15,55736.5390625
2022-12-16,55568.99453125
2022-12-19,55568.99453125
2022-12-20,55364.21796875
2022-12-21,54898.81484375
2022-12-22,54861.58046875
2022-12-23,54600.95390625
2022-12-26,54303.09453125
2022-12-27,54210.0125
2022-12-28,54015.26640625
2022-12-29,53372.221875
2023-01-02,52952.8046875
2023-01-03,52551.88515625
2023-01-04,52563.31171875
2023-01-05,52863.03046875
2023-01-06,53556.13203125
2023-01-09,54530.21875
2023-01-10,55466.8421875
2023-01-11,55972.61953125
2023-01-12,56403.465625
2023-01-13,56740.65
2023-01-16,56815.5796875
2023-01-17,56927.975
2023-01-18,56909.2421875
2023-01-19,57096.56796875
2023-01-20,57283.89140625
2023-01-25,57696.0046875
2023-01-26,58220.5125
2023-01-27,59007.278125
2023-01-30,59344.4609375
2023-01-31,59269.5328125
2023-02-01,58838.68671875
2023-02-02,58782.4921875
2023-02-03,58576.43515625
2023-02-06,58257.9828125
2023-02-07,58370.37578125
2023-02-08,58763.75703125
2023-02-09,58726.28984375
2023-02-10,58613.89296875
2023-02-13,58857.415625
2023-02-14,59082.20546875
2023-02-15,58913.6140625
2023-02-16,58988.54609375
2023-02-17,58932.35
2023-02-20,58894.8859375
2023-02-21,58688.83046875
2023-02-22,58482.7734375
2023-02-23,58164.31953125
2023-02-24,57920.79765625
2023-02-27,57508.6828125
2023-02-28,57227.69453125
2023-03-02,57171.49765625
2023-03-03,56890.5109375
2023-03-06,56927.97578125
2023-03-07,56965.44140625
2023-03-08,56909.24375
2023-03-09,56778.115625
2023-03-10,56590.7921875
2023-03-13,56309.80546875
2023-03-14,55991.35390625
2023-03-15,55897.69140625
2023-03-16,55860.22734375
2023-03-17,56197.41171875
2023-03-20,56234.8765625
2023-03-21,56478.39765625
2023-03-22,56721.9203125
2023-03-23,57171.4984375
2023-03-24,57489.95234375
2023-03-27,57845.86953125
2023-03-28,58332.91328125
2023-03-29,58632.6328125
2023-03-30,58869.7828125
2023-03-31,59126.53203125
2023-04-03,59382.30546875
2023-04-04,59582.42578125
2023-04-05,59876.53203125
2023-04-06,59706.965625
2023-04-07,59895.3734375
2023-04-10,60385.23828125
2023-04-11,60818.58125
2023-04-12,61214.2421875
2023-04-13,61930.19765625
2023-04-14,61949.040625
2023-04-17,61873.67578125
2023-04-18,61817.15234375
2023-04-19,61722.946875
2023-04-20,61572.21796875
2023-04-21,61685.2625
2023-04-24,61666.421875
2023-04-25,61289.60234375
2023-04-26,61025.82890625
2023-04-27,60893.94296875
2023-04-28,60856.26015625
2023-05-02,60950.465625
2023-05-03,61289.60234375
2023-05-04,61478.0140625
2023-05-08,61722.94765625
2023-05-09,61685.265625
2023-05-10,61478.01484375
2023-05-11,61251.925
2023-05-12,61063.51328125
2023-05-15,60799.73828125
2023-05-16,60818.5796875
2023-05-17,60893.94296875
2023-05-18,61270.759375
2023-05-19,62080.92265625
2023-05-22,62834.56171875
2023-05-23,63399.7921875
2023-05-24,64059.2265625
2023-05-25,64549.09296875
2023-05-26,64907.06875
2023-05-30,65623.0265625
2023-05-31,66188.25390625
2023-06-01,66640.43828125
2023-06-02,67281.0296875
2023-06-05,67544.803125
2023-06-07,67299.8671875
2023-06-08,67205.6640625
2023-06-09,67412.9125
2023-06-12,67186.8203125
2023-06-13,67243.34375
2023-06-14,67412.9140625
2023-06-15,67525.959375
2023-06-16,67488.2765625
2023-06-19,67525.959375
2023-06-20,67412.9140625
2023-06-21,67149.140625
2023-06-22,67111.453125
2023-06-23,67073.7703125
2023-06-26,67299.8609375
2023-06-27,67525.9515625
2023-06-28,67940.453125
2023-06-29,68215.778125
2023-06-30,68396.7109375
2023-07-03,68578.396875
2023-07-04,68722.4
2023-07-05,68658.209375
2023-07-06,68506.7328125
2023-07-07,68071.228125
2023-07-10,67408.4984375
2023-07-11,67124.475
2023-07-12,67105.5421875
2023-07-13,67162.3484375
2023-07-14,67825.071875
2023-07-17,68544.6078125
2023-07-18,68639.2796875
2023-07-19,68601.4078125
2023-07-20,68430.990625
2023-07-21,67844.0078125
2023-07-24,67294.890625
2023-07-25,66916.1921875
2023-07-26,66556.428125
2023-07-27,66688.9734375
2023-07-28,66745.7765625
2023-07-31,66632.1671875
2023-08-01,66840.4515625
2023-08-02,66859.3859375
2023-08-03,66310.27265625
2023-08-04,65874.77109375
2023-08-07,65628.61796875
2023-08-08,64965.89140625
2023-08-09,64776.540625
2023-08-10,64625.06015625
2023-08-11,64473.57734375
2023-08-14,64246.35703125
2023-08-16,64132.7484375
2023-08-17,63716.18125
2023-08-18,63394.28671875
2023-08-21,63223.87421875
2023-08-22,63091.32890625
2023-08-23,63110.26484375
2023-08-24,63394.28671875
2023-08-25,63545.76640625
2023-08-28,63583.6359375
2023-08-29,63621.50546875
2023-08-30,63621.50546875
2023-08-31,63375.35234375
2023-09-01,64113.815625
2023-09-04,64946.95546875
2023-09-05,65685.4171875
2023-09-06,66234.53203125
2023-09-07,66897.25625
2023-09-08,66764.7125
2023-09-11,66688.971875
2023-09-12,66651.103125
2023-09-13,66821.51875
2023-09-14,67067.6734375
2023-09-15,67389.5671875
2023-09-18,67275.959375
2023-09-19,67143.415625
2023-09-20,66897.25625
2023-09-21,66367.07578125
2023-09-22,65761.1578125
2023-09-25,65609.6765625
2023-09-26,65450.37890625
2023-09-27,65290.88515625
2023-10-04,65092.628125
2023-10-05,64761.03203125
2023-10-06,64182.58828125
2023-10-10,63763.83828125
2023-10-11,63725.76953125
2023-10-12,63992.24765625
2023-10-13,64239.68984375
2023-10-16,64487.1328125
2023-10-17,65058.15390625
2023-10-18,65495.93671875
2023-10-19,65610.13671875
2023-10-20,65762.40859375
2023-10-23,65971.78125
2023-10-24,65800.4734375
2023-10-25,65324.6234375
2023-10-26,64791.6734375
2023-10-27,64506.16484375
2023-10-30,64296.7921875
2023-10-31,63992.2484375
2023-11-01,64106.45390625
2023-11-02,64677.47265625
2023-11-03,65115.25625
2023-11-06,65800.47734375
2023-11-07,66561.83671875
2023-11-08,66809.2765625
2023-11-09,66923.48125
2023-11-10,67094.784375
2023-11-13,66999.6140625
2023-11-14,66980.5828125
2023-11-15,67418.3640625
2023-11-16,67894.215625
2023-11-17,68274.8953125
2023-11-20,68712.678125
2023-11-21,69093.3578125
2023-11-22,69207.5640625
2023-11-23,69131.425
2023-11-24,68979.153125
2023-11-27,68712.6765625
2023-11-28,68693.640625
2023-11-29,68674.6046875
2023-11-30,68750.74375
2023-12-01,68807.8453125
2023-12-04,69055.2875
2023-12-05,68769.7765625
2023-12-06,68579.4375
2023-12-07,68331.9953125
2023-12-08,68446.1984375
2023-12-11,68522.3359375
2023-12-12,68960.11875
2023-12-13,69169.49375
2023-12-14,69474.0359375
2023-12-15,69607.275
2023-12-18,69588.2375
2023-12-19,69569.2046875
2023-12-20,69949.88125
2023-12-21,70311.5265625
2023-12-22,70806.4109375
2023-12-26,71510.66875
2023-12-27,72456.53125
2023-12-28,73231.5421875
2024-01-02,74178.8484375
2024-01-03,74457.6203125
2024-01-04,74526.6609375
2024-01-05,74258.9234375
2024-01-08,73876.440625
2024-01-09,72939.3578125
2024-01-10,72289.1359375
2024-01-11,71638.9140625
2024-01-12,70969.5703125
2024-01-15,70472.34375
2024-01-16,70070.7390625
2024-01-17,69573.5140625
2024-01-18,69286.653125
2024-01-19,69592.6375
2024-01-22,69822.128125
2024-01-23,70319.353125
2024-01-24,70893.0765625
2024-01-25,71352.05625
2024-01-26,71103.4453125
2024-01-29,70969.571875
2024-01-30,70797.45625
2024-01-31,70548.8421875
2024-02-01,70453.2203125
2024-02-02,70797.4515625
2024-02-05,70778.3296875
2024-02-06,70797.4515625
2024-02-07,71237.3046875
2024-02-08,71332.9265625
2024-02-13,71332.9265625
2024-02-14,71275.5546875
2024-02-15,71046.065625
2024-02-16,70625.3375
2024-02-19,70567.9640625
2024-02-20,70204.60625
2024-02-21,70013.3640625
2024-02-22,69994.2421875
2024-02-23,70013.3671875
2024-02-26,69822.128125
2024-02-27,69745.634375
2024-02-28,69783.88125
2024-02-29,69841.2546875
2024-03-04,70223.7359375
2024-03-05,70395.8515625
2024-03-06,70395.8515625
2024-03-07,70204.6109375
2024-03-08,70185.484375
2024-03-11,69707.38125
2024-03-12,69630.884375
2024-03-13,69860.371875
2024-03-14,70261.9796875
2024-03-15,70070.7390625
2024-03-18,70147.2359375
2024-03-19,70051.6171875
2024-03-20,70587.09375
2024-03-21,71543.2984375
2024-03-22,72805.490625
2024-03-25,73838.1921875
2024-03-26,75196.0015625
2024-03-27,75750.6
2024-03-28,76107.6828125
2024-03-29,76848.6375
2024-04-01,77646.615625
2024-04-02,78695.81875
2024-04-03,79591.24375
2024-04-04,80455.7421875
2024-04-05,80859.175
2024-04-08,81339.453125
2024-04-09,81070.5015625
2024-04-11,81070.5015625
2024-04-12,80763.1234375
2024-04-15,80321.2671875
2024-04-16,79456.76875
2024-04-17,78553.846875
2024-04-18,77689.3515625
2024-04-19,76517.48125
2024-04-22,75345.6078125
2024-04-23,74481.1125
2024-04-24,74423.4796875
2024-04-25,73789.515625
2024-04-26,73616.6140625
2024-04-29,73731.8828125
2024-04-30,74116.10625
2024-05-02,74000.840625
2024-05-03,74250.5859375
2024-05-07,75134.29375
2024-05-08,76018.0015625
2024-05-09,76440.64375
2024-05-10,76671.175
2024-05-13,76824.8609375
2024-05-14,76248.53125
2024-05-16,75652.9890625
2024-05-17,75211.1328125
2024-05-20,75153.5
2024-05-21,75153.5
2024-05-22,75038.2328125
2024-05-23,75057.4453125
2024-05-24,74769.28125
2024-05-27,74442.696875
2024-05-28,74289.0109375
2024-05-29,73808.7328125
2024-05-30,72886.603125
2024-05-31,72425.5390625
2024-06-03,72137.371875
2024-06-04,71695.515625
2024-06-05,72118.159375
2024-06-07,72848.178125
2024-06-10,73270.8203125
2024-06-11,73174.7625
2024-06-12,73405.296875
2024-06-13,73635.8296875
2024-06-14,74077.6828125
2024-06-17,74538.746875
2024-06-18,75422.45625
2024-06-19,76325.3734375
2024-06-20,76901.7046875
2024-06-21,76978.546875
2024-06-24,77458.821875
2024-06-25,77650.93125
2024-06-26,77670.1421875
2024-06-27,77740.059375
2024-06-28,78098.059375
2024-07-01,78398.6828125
2024-07-02,78660.884375
2024-07-03,78827.0296875
2024-07-04,79405.93125
2024-07-05,80486.546875
2024-07-08,81567.159375
2024-07-09,82724.9625
2024-07-10,83882.765625
2024-07-11,84461.6671875
2024-07-12,83940.65625
2024-07-15,83805.58125
2024-07-16,83786.2828125
2024-07-17,83574.0171875
2024-07-18,83438.9390625
2024-07-19,83438.9390625
2024-07-22,82724.9609375
2024-07-23,81991.6828125
2024-07-24,81084.7375
2024-07-25,79830.453125
2024-07-26,79155.065625
2024-07-29,78807.725
2024-07-30,78248.1234375
2024-07-31,78614.7578125
2024-08-01,79135.76875
2024-08-02,78884.9125
2024-08-05,76993.834375
2024-08-06,75353.615625
2024-08-07,73578.321875
2024-08-08,71706.5421875
2024-08-09,70761.0046875
2024-08-12,71552.171875
2024-08-13,72246.8515625
2024-08-14,72729.2671875
2024-08-16,74041.440625
2024-08-19,74736.121875
2024-08-20,75392.209375
2024-08-21,75816.7375
2024-08-22,76029.003125
2024-08-23,75546.5875
2024-08-26,75122.059375
2024-08-27,74523.8609375
2024-08-28,74157.225
2024-08-29,73327.4671875
2024-08-30,72671.378125
2024-09-02,72343.334375
2024-09-03,71706.54375
2024-09-04,70471.5546875
2024-09-05,69506.71875
2024-09-06,68464.6984375
2024-09-09,67133.22578125
2024-09-10,65917.53359375
2024-09-11,64933.40078125
2024-09-12,64412.38984375
2024-09-13,63544.0375
2024-09-19,62694.984375
2024-09-20,62077.48984375
2024-09-23,61633.66484375
2024-09-24,61035.4671875
2024-09-25,60610.9390625
2024-09-26,60919.6859375
2024-09-27,61220.75703125
2024-09-30,61075.08125
2024-10-02,60774.815625
2024-10-04,60531.68203125
2024-10-07,59883.75
2024-10-08,59126.95625
2024-10-10,58622.4265625
2024-10-11,58234.32578125
2024-10-14,57982.06015625
2024-10-15,57982.06015625
2024-10-16,57826.81953125
2024-10-17,57982.059375
2024-10-18,57962.65546875
2024-10-21,57904.4421875
2024-10-22,57264.07734375
2024-10-23,57186.4578125
2024-10-24,56584.90390625
2024-10-25,55944.540625
2024-10-28,55769.8953125
2024-10-29,56138.5890625
2024-10-30,56138.5890625
2024-10-31,56643.11875
2024-11-01,57108.83671875
2024-11-04,57225.26640625
2024-11-05,56837.1671875
2024-11-06,56487.87734375
2024-11-07,56119.1828125
2024-11-08,55866.91796875
2024-11-11,55148.93359375
2024-11-12,54256.30625
2024-11-13,52956.17265625
2024-11-14,51520.2046875
2024-11-15,50841.03125
2024-11-18,51170.915625
2024-11-19,51811.27890625
2024-11-20,52723.31328125
2024-11-21,53984.6359375
2024-11-22,54469.76015625
2024-11-25,54702.6203125
2024-11-26,55090.71953125
2024-11-27,55284.76875
2024-11-28,55110.12421875
2024-11-29,54760.834375
2024-12-02,53926.42109375
2024-12-03,53014.38828125
2024-12-04,52393.428125
2024-12-05,52044.13828125
2024-12-06,52024.734375
2024-12-09,51985.9234375
2024-12-10,52063.54296875
2024-12-11,52238.1890625
2024-12-12,52665.1
2024-12-13,53053.19765625
2024-12-16,53480.10859375
2024-12-17,53518.91796875
2024-12-18,53693.56171875
2024-12-19,53150.2203125
2024-12-20,52548.66796875
2024-12-23,52141.1625
2024-12-24,52179.9734375
2024-12-26,51927.71015625
2024-12-27,52115.19375
2024-12-30,52224.39375
2025-01-02,52275.64453125
2025-01-03,52347.6234375
2025-01-06,52867.9015625
2025-01-07,53200.03515625
2025-01-08,54001.065625
2025-01-09,54528.571875
2025-01-10,54704.40703125
2025-01-13,54352.7359375
2025-01-14,54059.67734375
2025-01-15,53356.33359375
2025-01-16,53004.66328125
2025-01-17,52692.06640625
2025-01-20,52555.3046875
2025-01-21,52477.1546875
2025-01-22,52594.37890625
2025-01-23,52477.1546875
2025-01-24,52477.1546875
2025-01-31,52281.78125
2025-02-03,51793.34921875
2025-02-04,51480.753125
2025-02-05,51324.4546875
2025-02-06,51383.06640625
2025-02-07,51637.0515625
2025-02-10,52535.76796875
2025-02-11,53121.8859375
2025-02-12,53688.46796875
2025-02-13,54040.13984375
2025-02-14,54489.49765625
2025-02-17,54567.64609375
2025-02-18,54802.09375
2025-02-19,55368.675
2025-02-20,55876.64375
2025-02-21,56306.46328125
2025-02-24,56560.44921875
2025-02-25,56619.0609375
2025-02-26,56208.77734375
2025-02-27,55798.49453125
2025-02-28,55075.61640625
2025-03-04,54528.571875
2025-03-05,53903.378125
2025-03-06,53454.02109375
2025-03-07,52946.0515625
2025-03-10,52789.75234375
2025-03-11,52613.915625
2025-03-12,52789.75078125
2025-03-13,52867.89921875
2025-03-14,53063.271875
2025-03-17,53825.2265625
2025-03-18,54606.71875
2025-03-19,55310.0625
2025-03-20,56384.6140625
2025-03-21,57752.225
2025-03-24,58318.80625
2025-03-25,58748.62578125
2025-03-26,59315.20625
2025-03-27,59627.80234375
2025-03-28,59404.6203125
2025-03-31,58944.2046875
2025-04-01,58817.08515625
2025-04-02,58377.36875
2025-04-03,57623.6625
2025-04-04,56817.87421875
2025-04-07,55913.81953125
2025-04-08,54872.19140625
2025-04-09,53732.29609375
2025-04-10,53496.45546875
2025-04-11,53319.57578125
2025-04-14,53909.17734375
2025-04-15,54518.43125
2025-04-16,54852.53828125
2025-04-17,54597.0453125
2025-04-18,54616.6984375
2025-04-21,54459.471875
2025-04-22,54145.01796875
2025-04-23,54341.55234375
2025-04-24,54459.47265625
2025-04-25,54538.08671875
2025-04-28,54616.7
2025-04-29,54773.92734375
2025-04-30,54734.6203125
2025-05-02,54459.47265625
2025-05-07,54243.284375
2025-05-08,54007.44296875
2025-05-09,53810.909375
2025-05-12,54223.6296875
2025-05-13,54734.6171875
2025-05-14,55284.91171875
2025-05-15,55815.553125
2025-05-16,56208.61953125
2025-05-19,55854.859375
2025-05-20,55658.3265625
2025-05-21,55324.2203125
2025-05-22,54813.2328125
2025-05-23,54302.24609375
2025-05-26,54086.05859375
2025-05-27,53692.98984375
2025-05-28,53732.296875
2025-05-29,54007.44375
2025-05-30,54400.5109375
2025-06-02,54813.23125
2025-06-04,55579.7125
2025-06-05,56208.61875
2025-06-09,56935.79296875
2025-06-10,57525.39296875
2025-06-11,58134.64765625
2025-06-12,58468.7546875
2025-06-13,58311.528125
2025-06-16,57800.54140625
2025-06-17,57584.3546875
2025-06-18,57564.70078125
2025-06-19,57505.740625
2025-06-20,57741.58046875
2025-06-23,57898.80703125
2025-06-24,58370.48828125
2025-06-25,58665.28984375
2025-06-26,58861.82421875
2025-06-27,59190.6125
2025-06-30,59616.46171875
2025-07-01,59630.07265625
2025-07-02,59605.09921875
2025-07-03,60389.53046875
2025-07-04,60883.87890625
2025-07-07,61259.5828125
2025-07-08,61496.86875
2025-07-09,61417.7734375
2025-07-10,60864.10390625
2025-07-11,60725.68671875
2025-07-14,60883.878125
2025-07-15,61338.678125
2025-07-16,62188.95625
2025-07-17,63316.07109375
2025-07-18,64205.89609375
2025-07-21,65253.91328125
2025-07-22,65708.71484375
2025-07-23,66044.87109375
2025-07-24,65906.453125
2025-07-25,65669.1671875
2025-07-28,66183.2890625
2025-07-29,67092.88671875
2025-07-30,68318.86953125
2025-07-31,69386.659375
2025-08-01,69979.8765625
2025-08-04,69841.459375
2025-08-05,69703.0421875
2025-08-06,68951.634375
2025-08-07,68773.66875
2025-08-08,69347.1109375
2025-08-11,69604.171875
2025-08-12,69841.459375
2025-08-13,70454.45
2025-08-14,70671.9640625
2025-08-18,70316.0328125
2025-08-19,70118.2921875
2025-08-20,69999.6484375
2025-08-21,69742.5859375
2025-08-22,69703.0375
2025-08-25,69999.6484375
2025-08-26,70058.971875
2025-08-27,70078.7453125
2025-08-28,69881.0078125
2025-08-29,69544.8515625
2025-09-01,68773.66875
2025-09-02,68536.38125
2025-09-03,68378.1921875
2025-09-04,68477.0625
2025-09-05,68437.515625
2025-09-08,68931.8640625
2025-09-09,69406.4390625
2025-09-10,69960.1078125
2025-09-11,70612.6453125
2025-09-12,71779.3046875
2025-09-15,73044.834375
2025-09-16,74606.9734375
2025-09-17,75714.3125
2025-09-18,77078.7125
2025-09-22,78680.4
2025-09-23,80301.8609375
2025-09-24,81488.2953125
2025-09-25,83050.434375
2025-09-26,83643.6515625
2025-09-29,83856.353125
2025-09-30,83772.18125
2025-10-01,83966.696875
2025-10-02,84767.625
2025-10-10,87045.8140625
2025-10-13,88853.26875
2025-10-14,90382.653125
2025-10-15,92170.2453125
2025-10-16,93749.284375
2025-10-17,94444.4578125
2025-10-20,95397.8390625
2025-10-21,96569.7046875
2025-10-22,97284.740625
2025-10-23,97046.3953125
2025-10-24,97225.1546875
2025-10-27,97999.778125
2025-10-28,98397.0203125
2025-10-29,98774.4015625
2025-10-30,100283.925
2025-10-31,102011.93125
2025-11-03,103819.3859375
2025-11-04,104891.9421875
2025-11-05,104911.803125
2025-11-06,103938.559375
2025-11-07,102031.79375
2025-11-10,99946.26875
2025-11-11,99668.1984375
2025-11-12,100164.753125
2025-11-13,100879.7890625
2025-11-14,100740.753125
2025-11-17,100740.753125
2025-11-18,99608.6125
2025-11-19,98297.7109375
2025-11-20,97860.7421875
2025-11-21,97384.0515625
2025-11-24,96609.4296875
2025-11-25,96907.3609375
2025-11-26,98158.6765625
2025-11-27,98734.6796875
2025-11-28,99866.821875
2025-12-01,100681.1703125
2025-12-02,101495.5171875
2025-12-03,101833.171875
2025-12-04,102150.9671875
2025-12-05,103720.0765625
2025-12-08,105448.08125
2025-12-09,106441.1890625
2025-12-10,107136.365625
2025-12-11,107573.33125
2025-12-12,107672.6421875
2025-12-15,106739.121875
2025-12-16,105626.8421875
2025-12-17,105606.9796875
2025-12-18,105666.5671875
2025-12-19,105150.15
2025-12-22,106282.2921875
2025-12-23,108010.2984375
2025-12-24,108645.8859375
2025-12-26,110512.925
2025-12-29,113250.109375
2025-12-30,115232.9171875
2026-01-02,118733.55
2026-01-05,124229.6671875
2026-01-06,128713.5875
2026-01-07,133004.70625
2026-01-08,136776.896875
2026-01-09,138872.559375
2026-01-12,139012.26875
2026-01-13,138752.80625
2026-01-14,138613.09375
2026-01-15,139630.9875
2026-01-16,141606.896875
2026-01-19,143702.559375
2026-01-20,145219.41875
2026-01-21,147055.61875
2026-01-22,148732.15
2026-01-23,149370.828125
2026-01-26,149929.671875
2026-01-27,152783.765625
2026-01-28,155358.4375
2026-01-29,157034.965625
2026-01-30,158711.496875
2026-02-02,158372.2
2026-02-03,159968.89375
2026-02-04,161306.125
2026-02-05,161026.703125
2026-02-06,160647.4875
2026-02-09,163840.878125
2026-02-10,163501.58125
2026-02-11,163242.11875
2026-02-12,167094.146875
2026-02-13,171604.809375
2026-02-19,176315.059375
2026-02-20,181165.021875
2026-02-23,186194.609375
2026-02-24,190465.76875
2026-02-25,194916.55625
2026-02-26,200504.990625
2026-02-27,205774.084375
2026-03-03,206193.21875
2026-03-04,200644.703125
2026-03-05,198269.621875
2026-03-06,192321.93125
2026-03-09,183739.69375
2026-03-10,182302.66875
2026-03-11,185855.315625
2026-03-12,185116.84375
2026-03-13,184178.784375
2026-03-16,187212.50625
2026-03-17,188410.025
2026-03-18,192102.38125
2026-03-19,194617.175
2026-03-20,197790.60625
2026-03-23,197311.596875
2026-03-24,196473.334375
2026-03-25,192581.390625
2026-03-26,188509.81875
2026-03-27,184657.79375
2026-03-30,182734.75625
2026-03-31,178313.121875
2026-04-01,178521.2
2026-04-02,178255.6
2026-04-03,179550.0
2026-04-06,182910.0
2026-04-07,188770.0
2026-04-08,192940.0
2026-04-09,198060.0
2026-04-10,202020.0
2026-04-13,203600.0
2026-04-14,205600.0
2026-04-15,205700.0
2026-04-16,208400.0
2026-04-17,210400.0
2026-04-20,213100.0
2026-04-21,215600.0
2026-04-22,216900.0
2026-04-23,218300.0
2026-04-24,219000.0
2026-04-27,221000.0
2026-04-28,221600.0
2026-04-29,223300.0
2026-04-30,222500.0
2026-05-04,225100.0
2026-05-06,233400.0
2026-05-07,243300.0
2026-05-08,251800.0
2026-05-11,264800.0
2026-05-12,274100.0
2026-05-13,277700.0
2026-05-14,282600.0
2026-05-15,283000.0
2026-05-18,282100.0
2026-05-19,281400.0
2026-05-20,279800.0
2026-05-21,280500.0
2026-05-22,284900.0
2026-05-26,288500.0
2026-05-27,294800.0
2026-05-28,299500.0
2026-05-29,303000.0
2026-06-01,314300.0
2026-06-02,326600.0
2026-06-04,335500.0
2026-06-05,341400.0
2026-06-08,337100.0
2026-06-09,331700.0
2026-06-10,320100.0
2026-06-11,309600.0
2026-06-12,308300.0
2026-06-15,316600.0
2026-06-16,320800.0
2026-06-17,329600.0
2026-06-18,342300.0
2026-06-19,348600.0
2026-06-22,351900.0
2026-06-23,345300.0
